,,,,,,,,,,,species,Mice,Mice,Mice,Mice,Mice,Mice,Mice,Mice,Mice,Mice,Mice,Mice,Mice,Mice,Mice,Mice
,,,,,,,,,,,treatment,Non Swimming,Non Swimming,Non Swimming,Non Swimming,Non Swimming,Non Swimming,Non Swimming,Non Swimming,Non Swimming,Non Swimming,Non Swimming,Non Swimming,Non Swimming,Non Swimming,Non Swimming,Non Swimming
,,,,,,,,,,,organ,Heart,Heart,Heart,Heart,Heart,Heart,Heart,Heart,Heart,Heart,Heart,Heart,Heart,Heart,Heart,Heart
,,,,,,,,,,,mx.sample.id,415186,415186,415186,415186,415186,415186,415186,415186,415186,415186,415186,415186,415186,415186,415186,415186
,,,,,,,,,,,id,M102,M103,M104,M105,M121,M156,M62,M70,M100,M101,M129,M130,M177,M59,M96,M98
,,,,,,,,,,,two_groups,Control MHC,Control MHC,Control MHC,Control MHC,Control MHC,Control MHC,Control MHC,Control MHC,MHC,MHC,MHC,MHC,MHC,MHC,MHC,MHC
CompoundID,Order,Compound.Name,Assay,MIUnit,HMDBID,LipidMAPS,KEGGID,PubChemID,InChiKey,SMILES,label,M102,M102,M104,M105,M121,M156,M62,M70,M100,M101,M129,M130,M177,M59,M96,M98
CPD001,1,xylose,GCTOF,Peak height,HMDB00098,,C00181,135191,SRBFZHDQGSBBOR-IOVATXLUSA-N,C1[C@H]([C@@H]([C@H](C(O1)O)O)O)O,148,3486,2820,6526,5155,3692,3257,4037,5238,5891,5449,9003,2360,3137,7848,4664,5180
CPD002,2,xylitol,GCTOF,Peak height,HMDB02917,,C00379,6912,HEBKCHPVOIAQTA-NGQZWQHPSA-N,C([C@H](C([C@H](CO)O)O)O)O,147,9411,9645,8053,11574,3201,5295,6187,9329,12274,6517,14804,4179,9121,22308,6647,8118
CPD003,3,xanthine,GCTOF,Peak height,HMDB00292,,C00385,1188,LRFVTYWOQMYALW-UHFFFAOYSA-N,C1=NC2=C(N1)C(=O)NC(=O)N2,146,15330,10940,12442,17270,2323,10843,10873,8929,16407,9015,7549,7194,15687,11116,8483,10392
CPD004,4,valine,GCTOF,Peak height,HMDB00883,,C00183,6287,KZSNJWFQEVHDMF-BYPYZUCNSA-N,CC(C)[C@@H](C(=O)O)N,145,81355,73421,67039,47846,75034,48408,44271,41458,102311,86350,62876,58616,61035,98473,69298,97018
CPD005,5,uridine,GCTOF,Peak height,HMDB00296,,C00299,6029,DRTQHJPVMGBUCF-XVFCMESISA-N,C1=CN(C(=O)NC1=O)[C@H]2[C@@H]([C@@H]([C@H](O2)CO)O)O,144,13945,13644,19031,23238,19193,18448,19544,15480,34773,21801,17838,13682,30491,15289,19076,14270
CPD006,6,uric acid,GCTOF,Peak height,HMDB00289,,C00366,1175,LEHOTFFKMJEONL-UHFFFAOYSA-N,C12=C(NC(=O)N1)NC(=O)NC2=O,143,980,1180,1587,2439,363,1151,1174,1148,1578,660,619,626,1643,1421,790,982
CPD007,7,urea,GCTOF,Peak height,HMDB00294,,C00086,1176,XSQUKJJJFZCRTK-UHFFFAOYSA-N,C(=O)(N)N,142,1224131,1215973,1286448,1054372,1401030,685747,958055,699920,933406,1349242,1370299,1299337,950260,1238466,1062044,1124984
CPD008,8,uracil,GCTOF,Peak height,HMDB00300,,C00106,1174,ISAKRJDGNUQOIC-UHFFFAOYSA-N,C1=CNC(=O)NC1=O,141,24048,15624,16062,20621,10907,14942,12839,8884,24554,16586,18221,11512,19155,13287,16834,16792
CPD009,9,UDP GlcNAc,GCTOF,Peak height,HMDB00290,,C00043,445675,LFTYTUAZOPRMMI-CFRASDGPSA-N,CC(=O)N[C@@H]1[C@H]([C@@H]([C@H](O[C@@H]1OP(=O)(O)OP(=O)(O)OC[C@@H]2[C@H]([C@H]([C@@H](O2)N3C=CC(=O)NC3=O)O)O)CO)O)O,140,780,679,714,1309,190,886,1088,887,1030,756,378,904,1086,388,599,595
CPD010,10,tyrosine,GCTOF,Peak height,HMDB00158,,C00082,6057,OUYCCCASQSFEME-QMMMGPOBSA-N,C1=CC(=CC=C1C[C@@H](C(=O)O)N)O,139,38517,38210,50978,62610,4209,39122,51674,24031,51127,41717,23518,40844,40308,49124,51393,71783
CPD011,11,tryptophan,GCTOF,Peak height,HMDB00929,,C00078,6305,QIVBCDIJIAJPQS-VIFPVBQESA-N,C1=CC=C2C(=C1)C(=CN2)C[C@@H](C(=O)O)N,138,8233,8256,10412,12349,3093,7093,11287,5243,15053,4414,4023,6417,14938,9468,5501,10632
CPD012,12,tocopherol alpha-,GCTOF,Peak height,HMDB01358,LMPR01090002,C00376,638015,NCYCYZXNIZJOKI-OVSJKPMPSA-N,CC1=C(C(CCC1)(C)C)/C=C/C(=C/C=C/C(=C/C=O)/C)/C,137,11853,7044,8413,10500,6713,11997,12692,8495,16001,6549,6960,12180,10332,9119,8121,8569
CPD013,13,thymine,GCTOF,Peak height,HMDB00262,,C00178,1135,RWQNBRDOKXIBIV-UHFFFAOYSA-N,CC1=CNC(=O)NC1=O,136,1209,1006,1588,1470,1253,1359,518,1412,2714,1069,1389,1428,239,1454,1455,1665
CPD014,14,threonine,GCTOF,Peak height,HMDB00167,,C00188,6288,AYFVYJQAPQTCCC-GBXIJSLDSA-N,C[C@H]([C@@H](C(=O)O)N)O,135,51120,46485,51153,35138,55144,51444,41381,37101,53200,46832,34836,43540,42945,60716,47097,56433
CPD015,15,threonic acid,GCTOF,Peak height,,,C01620,5460407,JPIJQSOTBSSVTP-STHAYSLISA-N,C([C@@H]([C@H](C(=O)O)O)O)O,134,19937,13703,18875,25863,23690,24615,26039,17135,32087,22703,22336,25042,16895,20789,19829,20751
CPD016,16,terephthalic acid,GCTOF,Peak height,HMDB02428,,C06337,7489,KKEYFWRCBNTPAC-UHFFFAOYSA-N,C1=CC(=CC=C1C(=O)O)C(=O)O,133,1422,1686,1536,6398,2227,1651,3892,1554,2676,1468,1315,1473,6609,1395,1592,1604
CPD017,17,taurine,GCTOF,Peak height,HMDB00251,,C00245,1123,XOAAWQZATWQOTB-UHFFFAOYSA-N,C(CS(=O)(=O)O)N,132,2355007,2341213,1416931,519690,1396114,2333056,2496801,2111731,3062161,2450878,2389542,2103937,2045878,919422,1812714,2289237
CPD018,18,tagatose,GCTOF,Peak height,,,C00795,439312,LKDRXBCSQODPBY-OEXCPVAWSA-N,C1[C@H]([C@@H]([C@@H](C(O1)(CO)O)O)O)O,131,2821,1659,2547,259,1566,908,533,1836,2558,2970,1231,637,1985,3669,2908,1206
CPD019,19,sucrose,GCTOF,Peak height,HMDB00258,,C00089,5988,CZMRCDWAGMRECN-UGDNZRGBSA-N,C([C@@H]1[C@H]([C@@H]([C@H]([C@H](O1)O[C@]2([C@H]([C@@H]([C@H](O2)CO)O)O)CO)O)O)O)O,130,1245,3958,1552,207,144,452,3801,838,384,31155,170,2368,5185,856,228,293
CPD020,20,succinic acid,GCTOF,Peak height,HMDB00254,LMFA01170043,C00042,1110,KDYFGRWQOYBRFD-UHFFFAOYSA-N,C(CC(=O)O)C(=O)O,129,54474,96114,104467,22990,62121,42487,69061,86810,44329,67833,37288,46499,18455,56189,68701,41151
CPD021,21,succinate semialdehyde,GCTOF,Peak height,HMDB01259,LMFA06000118,C00232,1112,UIUJIQZEACWQSV-UHFFFAOYSA-N,C(CC(=O)O)C=O,128,1472,961,1036,903,1676,716,1085,841,1340,1244,962,786,3092,1260,978,1082
CPD022,22,squalene,GCTOF,Peak height,,LMPR0106010002,C00751,638072,YYGNTYWPHWGJRM-AAJYLUCBSA-N,CC(=CCC/C(=C/CC/C(=C/CC/C=C(/CC/C=C(/CCC=C(C)C)\C)\C)/C)/C)C,127,18282,11856,15352,19255,17396,18947,20871,12879,18631,13165,12386,15236,17779,13498,14550,15460
CPD023,23,sorbitol,GCTOF,Peak height,HMDB00247,,C00794,5780,FBPFZTCFMRRESA-JGWLITMVSA-N,C([C@H]([C@H]([C@@H]([C@H](CO)O)O)O)O)O,126,1864,2205,2550,1817,1691,1278,2275,2342,2373,2353,1478,1895,1441,2180,2471,2693
CPD024,24,shikimic acid,GCTOF,Peak height,HMDB03070,,C00493,8742,JXOHGGNKMLTUBP-HSUXUTPPSA-N,C1[C@H]([C@@H]([C@@H](C=C1C(=O)O)O)O)O,125,958,1306,934,1092,637,659,845,776,992,683,739,609,951,999,1326,561
CPD025,25,serine,GCTOF,Peak height,HMDB00187,,C00065,5951,MTCFGRXMJLQNBG-REOHCLBHSA-N,C([C@@H](C(=O)O)N)O,124,121719,126974,149602,252725,180088,236257,183930,128413,166378,159852,157428,173944,249106,152174,180675,217038
CPD026,26,ribose,GCTOF,Peak height,HMDB00283,,C00121,5779,HMFHBZSHGGEWLO-SOOFDHNKSA-N,C([C@@H]1[C@H]([C@H](C(O1)O)O)O)O,123,5384,3427,3487,5536,4067,3566,4926,398,5878,4603,3886,3083,4627,3358,4502,3236
CPD027,27,ribonic acid,GCTOF,Peak height,HMDB00867,,C01685,5460677,QXKAIJAYHKCRRA-BXXZVTAOSA-N,C([C@H]([C@H]([C@H](C(=O)O)O)O)O)O,122,415,450,690,824,370,542,586,428,426,354,298,276,593,597,515,635
CPD028,28,ribitol,GCTOF,Peak height,HMDB00508,,C00474,827,HEBKCHPVOIAQTA-UHFFFAOYSA-N,C(C(C(C(CO)O)O)O)O,121,2323,1743,2825,1968,1825,1874,2421,1850,3030,2195,1053,1668,2458,2851,1955,2013
CPD029,29,pyruvic acid,GCTOF,Peak height,HMDB00243,LMFA01060077,C00022,1060,LCTONWCANYUPML-UHFFFAOYSA-N,CC(=O)C(=O)O,120,23876,18563,26074,6393,48434,4842,8236,16690,4120,25794,25556,26986,5865,25399,23749,7056
CPD030,30,pyrophosphate,GCTOF,Peak height,,,C00013,1023,XPPKVPWEQAFLFU-UHFFFAOYSA-N,OP(=O)(O)OP(=O)(O)O,119,192290,185925,197370,63937,317670,108554,76800,215445,121145,216786,173798,233409,54597,285501,235258,141162
CPD031,31,pseudo uridine,GCTOF,Peak height,HMDB00767,,C02067,15047,PTJWIQPHWPFNBW-GBNDHIKLSA-N,C1=C(C(=O)NC(=O)N1)[C@H]2[C@@H]([C@@H]([C@H](O2)CO)O)O,118,2019,1709,2530,1573,1116,1264,2808,3492,2422,2333,1513,1349,2275,2070,2890,1488
CPD032,32,proline,GCTOF,Peak height,HMDB00162,,C00148,145742,ONIBWKKTOPOVIA-BYPYZUCNSA-N,C1C[C@H](NC1)C(=O)O,117,5793,9444,5098,3132,11795,6886,2241,3897,4404,9340,9270,6521,3695,5357,7831,13791
CPD033,33,p-hydroxylphenyllactic acid,GCTOF,Peak height,HMDB00755,,C03672,9378,JVGVDSSUAVXRDY-UHFFFAOYSA-N,C1=CC(=CC=C1CC(C(=O)O)O)O,110,429,401,512,400,31,143,160,311,449,484,415,336,504,299,124,509
CPD034,34,phosphoethanolamine,GCTOF,Peak height,HMDB00224,,C00346,1015,SUHOOTKUPISOBE-UHFFFAOYSA-N,C(COP(=O)(O)O)N,116,15034,9334,15854,21576,5229,6814,36044,16474,17689,7009,8021,13831,20733,13801,10618,12434
CPD035,35,phosphate,GCTOF,Peak height,HMDB02142,,C00009,1004,NBIIXXVUZAFLBC-UHFFFAOYSA-N,OP(=O)(O)O,115,22329,284170,446059,471883,885955,506426,499329,300602,374143,179353,257075,367321,223061,423241,467457,419587
CPD036,36,phenylalanine,GCTOF,Peak height,HMDB00159,,C00079,6140,COLNVLDHVKWLRT-QMMMGPOBSA-N,C1=CC=C(C=C1)C[C@@H](C(=O)O)N,114,45588,47344,53771,41671,35032,50120,34007,37256,44786,49192,39785,48082,43110,60485,51354,56798
CPD037,37,pentadecanoic acid,GCTOF,Peak height,HMDB00826,LMFA01010015,C16537,13849,WQEPLUUGTLDZJY-UHFFFAOYSA-N,CCCCCCCCCCCCCCC(=O)O,113,6040,4002,7167,7236,6364,4975,8328,5640,7393,868,5125,5305,6384,6194,5674,5889
CPD038,38,pantothenic acid,GCTOF,Peak height,,,C12276,6613,GHOKWGTUZJEAQD-ZETCQYMHSA-N,CC(C)(CO)[C@H](C(=O)NCCC(=O)O)O,112,9713,12171,13591,12395,10921,16617,10763,11085,16543,10176,8559,10308,15984,14107,12693,12299
CPD039,39,palmitoleic acid,GCTOF,Peak height,HMDB03229,LMFA01030056,C08362,445638,SECPZKHBENQXJG-FPLPWBNLSA-N,CCCCCC/C=C\CCCCCCCC(=O)O,111,1903,648,1285,1240,635,783,2384,1027,945,1443,892,828,2712,1546,676,1133
CPD040,40,oxoproline,GCTOF,Peak height,HMDB00267,,C01879,7405,ODHCTXKNWHHXJC-VKHMYHEASA-N,C1CC(=O)N[C@@H]1C(=O)O,109,4944031,5374701,5530107,6156810,4233000,5938310,6288229,5117501,5808746,5013183,5430075,5039666,6339005,5774844,5439298,5318347
CPD041,41,oxalic acid,GCTOF,Peak height,HMDB02329,,C00209,971,MUBZPKHOEPUJKR-UHFFFAOYSA-N,C(=O)(C(=O)O)O,108,661,1060,1256,1442,310,814,966,766,2359,1620,1392,1244,1163,1015,1414,958
CPD042,42,ornithine,GCTOF,Peak height,HMDB00214,,C00077,88747248,AHLPHDHHMVZTML-BYPYZUCNSA-N,C(C[C@@H](C(=O)O)N)CN,107,22494,22976,28402,19800,1359,18284,43720,15210,2287,15317,9473,19783,19621,35178,22591,34047
CPD043,43,oleic acid,GCTOF,Peak height,HMDB00207,LMFA01030002,C00712,445639,ZQPPMHVWECSIRJ-KTKRTIGZSA-N,CCCCCCCC/C=C\CCCCCCCC(=O)O,106,2950,1261,1009,43670,20128,20405,66060,1468,3219,2078,1579,1179,76099,1167,1870,1419
CPD044,44,noradrenaline,GCTOF,Peak height,HMDB00216,,C00547,439260,SFLSHLFXELFNJZ-QMMMGPOBSA-N,C1=CC(=C(C=C1[C@H](CN)O)O)O,105,3828,2650,4078,3682,2549,1957,1918,2248,7908,2858,1746,3381,5198,5089,4334,4308
CPD045,45,nonadecanoic acid,GCTOF,Peak height,HMDB00772,LMFA01010019,C16535,12591,ISYWECDDZWTKFF-UHFFFAOYSA-N,CCCCCCCCCCCCCCCCCCC(=O)O,104,4061,2002,2989,4830,4572,2791,3833,2037,2984,1889,1870,2806,5012,1683,2591,2352
CPD046,46,nicotinamide,GCTOF,Peak height,HMDB01406,,C00153,936,DFPAKSUCGFBDDF-UHFFFAOYSA-N,C1=CC(=CN=C1)C(=O)N,103,223530,338445,384125,439910,102129,339074,282064,227063,311634,228008,201113,173113,380403,300999,293500,259724
CPD047,47,N-acetylputrescine,GCTOF,Peak height,HMDB02064,,C02714,122356,KLZGKIDSEJWEDW-UHFFFAOYSA-N,CC(=O)NCCCCN,102,3103,3102,3079,6036,1931,5649,4751,2854,4711,3152,2720,3282,4633,4451,3423,3381
CPD048,48,n-acetyl-d-hexosamine,GCTOF,Peak height,HMDB00803,,C03878,24139,OVRNDRQMDRJTHS-FMDGEEDCSA-N,CC(=O)N[C@@H]1[C@H]([C@@H]([C@H](O[C@H]1O)CO)O)O,100,353,191,292,282,358,234,294,186,396,251,206,206,315,214,190,207
CPD049,49,N-acetylaspartic acid,GCTOF,Peak height,HMDB00812,,C01042,65065,OTCCIMWXFLJLIA-BYPYZUCNSA-N,CC(=O)N[C@@H](CC(=O)O)C(=O)O,101,4415,7737,9581,8331,5474,4717,6735,5373,6405,4621,4701,6545,6808,8284,4468,5454
CPD050,50,myristic acid,GCTOF,Peak height,HMDB00806,LMFA01010014,C06424,11005,TUNFSRHWOTWDNC-UHFFFAOYSA-N,CCCCCCCCCCCCCC(=O)O,99,3962,3318,4455,3440,3824,3907,5584,2850,6327,3987,3301,4383,6194,4550,3492,3009
CPD051,51,myo-inositol,GCTOF,Peak height,,,C00137,892,CDAISMWEOUEBRE-UHFFFAOYSA-N,C1(C(C(C(C(C1O)O)O)O)O)O,98,160903,189203,224083,214758,224755,217887,214212,156442,185957,174323,141278,183846,213255,193396,143677,136258
CPD052,52,methionine sulfoxide,GCTOF,Peak height,,,C02989,158980,QEFRNWWLZKMPFJ-YGVKFDHGSA-N,CS(=O)CC[C@@H](C(=O)O)N,97,4379,4670,4078,4382,1426,4046,8614,3337,9176,3881,3453,6752,6458,4954,4596,6722
CPD053,53,methionine,GCTOF,Peak height,HMDB00696,,C00073,6137,FFEARJCKVFRZRR-BYPYZUCNSA-N,CSCC[C@@H](C(=O)O)N,96,29736,40140,37554,45393,29325,42843,27437,21315,56149,42947,44418,62190,40171,41083,46421,60402
CPD054,54,methanolphosphate,GCTOF,Peak height,,,,13130,CAAULPUQFIIOTL-UHFFFAOYSA-N,COP(=O)(O)O,95,108858,69433,85223,134121,77925,104938,133910,68945,123478,73495,64122,93834,130334,91084,79938,96748
CPD055,55,melibiose,GCTOF,Peak height,HMDB00048,,C05402,440658,DLRVVLDZNNYCBX-ABXHMFFYSA-N,C([C@@H]1[C@@H]([C@@H]([C@H]([C@H](O1)OC[C@@H]2[C@H]([C@@H]([C@H](C(O2)O)O)O)O)O)O)O)O,94,101,100,88,157,281,87,138,139,228,104,72,71,130,108,86,82
CPD056,56,mannose,GCTOF,Peak height,HMDB00169,,C00159,18950,WQZGKKKJIJFFOK-QTVWNMPRSA-N,C([C@@H]1[C@H]([C@@H]([C@@H](C(O1)O)O)O)O)O,93,7667,3720,8283,6531,6246,4715,6844,8108,10607,10805,6119,4275,913,12567,10630,5562
CPD057,57,maltotriose,GCTOF,Peak height,HMDB01262,,C01835,439586,FYGDTMLNYKFZSV-DZOUCCHMSA-N,C([C@@H]1[C@H]([C@@H]([C@H]([C@H](O1)O[C@@H]2[C@H](O[C@@H]([C@@H]([C@H]2O)O)O[C@@H]3[C@H](OC([C@@H]([C@H]3O)O)O)CO)CO)O)O)O)O,92,702,326,931,1862,358,553,1652,1631,856,489,280,350,1122,2673,773,341
CPD058,58,maltose,GCTOF,Peak height,,,C00208,439186,GUBGYTABKSRVRQ-PICCSMPSSA-N,C([C@@H]1[C@H]([C@@H]([C@H]([C@H](O1)O[C@@H]2[C@H](OC([C@@H]([C@H]2O)O)O)CO)O)O)O)O,91,30731,21513,43745,36673,23324,24232,41813,42067,32195,42059,15324,16457,24681,76572,41863,19382
CPD059,59,malic acid,GCTOF,Peak height,HMDB00744,,C00711,525,BJEPYKJPYRNKOW-UHFFFAOYSA-N,C(C(C(=O)O)O)C(=O)O,90,204251,138217,182422,153027,92283,121881,142473,111378,131005,109414,121308,81730,171633,166974,115190,192138
CPD060,60,lyxose,GCTOF,Peak height,,,C00476,439240,SRBFZHDQGSBBOR-AGQMPKSLSA-N,C1[C@H]([C@@H]([C@@H](C(O1)O)O)O)O,89,2549,1952,2397,4123,1804,1996,1882,1405,2984,2089,2075,1692,3013,1947,1855,2665
CPD061,61,lyxitol,GCTOF,Peak height,HMDB01851,,C00532,439255,HEBKCHPVOIAQTA-IMJSIDKUSA-N,C([C@@H](C([C@H](CO)O)O)O)O,88,4944,10653,9364,11594,1419,7267,9872,12787,8486,5759,9003,5227,7232,10462,6071,16149
CPD062,62,lysine,GCTOF,Peak height,HMDB00182,,C00047,5962,KDXKERNSBIXSRK-YFKPBYRVSA-N,C(CCN)C[C@@H](C(=O)O)N,87,20617,19012,24126,20750,957,14517,26580,17927,14248,12328,6244,16589,11389,28721,17937,24229
CPD063,63,linoleic acid,GCTOF,Peak height,HMDB00673,LMFA01030120,C01595,5280450,OYHQOLUKZRVURQ-HZJYTTRNSA-N,CCCCC/C=C\C/C=C\CCCCCCCC(=O)O,86,85164,22965,47619,108488,36702,44293,114038,32809,65907,70435,39547,48669,151300,37617,44601,52097
CPD064,64,levoglucosan,GCTOF,Peak height,HMDB00640,,,2724705,TWNIBLMWSKIRAT-VFUOTHLCSA-N,C1[C@@H]2[C@H]([C@@H]([C@H]([C@H](O1)O2)O)O)O,85,1002,970,1425,1419,1811,749,817,808,1376,1566,1273,1434,1719,1743,1152,2254
CPD065,65,leucine,GCTOF,Peak height,HMDB00687,,C00123,6106,ROHFNLRQFUQHCH-YFKPBYRVSA-N,CC(C)C[C@@H](C(=O)O)N,84,195491,102051,206316,191882,180073,168233,181001,136347,229516,238695,212757,202305,232891,229484,209954,206739
CPD066,66,lauric acid,GCTOF,Peak height,HMDB00638,LMFA01010012,C02679,3893,POULHZVOKOAJMA-UHFFFAOYSA-N,CCCCCCCCCCCC(=O)O,83,26262,31170,45931,24016,55086,68478,50899,21556,45360,41665,22499,39470,27281,50694,18756,22551
CPD067,67,lactic acid,GCTOF,Peak height,,,C01432,612,JVTAAEKCZFNVCJ-UHFFFAOYSA-N,CC(C(=O)O)O,82,762905,248418,1078485,1067702,875962,908751,1039173,1236087,1086706,389305,1028471,1018271,1422125,1283368,1312604,1143952
CPD068,68,isothreonic acid,GCTOF,Peak height,HMDB00943,,C00639,151152,JPIJQSOTBSSVTP-GBXIJSLDSA-N,C([C@H]([C@@H](C(=O)O)O)O)O,81,691,685,920,887,705,654,902,690,924,643,587,734,615,726,600,625
CPD069,69,isoleucine,GCTOF,Peak height,HMDB00172,LMFA01100047,C00407,6306,AGPKZVBTJJNPAG-WHFBIAKZSA-N,CC[C@H](C)[C@@H](C(=O)O)N,80,92549,82209,101387,83306,87636,71547,92635,67433,93316,106815,87267,70762,118025,124193,92766,106090
CPD070,70,isohexonic acid,GCTOF,Peak height,,,,604,RGHNJXZEOKUKBD-UHFFFAOYSA-N,C(C(C(C(C(C(=O)O)O)O)O)O)O,79,437,578,639,375,628,520,660,543,773,335,522,398,634,347,532,561
CPD071,71,inositol-4-monophosphate,GCTOF,Peak height,,,C03546,440043,INAPMGSXUVUWAF-GFWFORPUSA-N,[C@H]1([C@H](C([C@H]([C@H](C1O)O)O)OP(=O)(O)O)O)O,78,4949,3057,4638,10139,3466,5714,10498,4608,3774,3028,3876,6067,6811,4301,2894,4655
CPD072,72,inosine-5'-monophosphate,GCTOF,Peak height,HMDB00175,,C00130,8582,GRSZFWQUAKGDAV-KQYNXXCUSA-N,C1=NC2=C(C(=O)N1)N=CN2[C@H]3[C@@H]([C@@H]([C@H](O3)COP(=O)(O)O)O)O,77,14443,11017,12594,62983,1099,30635,72108,30006,11549,991,2698,7132,20828,4808,2280,15181
CPD073,73,inosine,GCTOF,Peak height,HMDB00195,,C00294,6021,UGQMRVRMYYASKQ-KQYNXXCUSA-N,C1=NC2=C(C(=O)N1)N=CN2[C@H]3[C@@H]([C@@H]([C@H](O3)CO)O)O,76,252573,137835,174086,223262,119489,122058,175007,118257,227565,190546,120696,121860,207249,177720,143617,163782
CPD074,74,indole-3-lactate,GCTOF,Peak height,HMDB00671,,C02043,92904,XGILAAMKEQUXLS-UHFFFAOYSA-N,C1=CC=C2C(=C1)C(=CN2)CC(C(=O)O)O,75,756,651,1116,1254,1005,780,898,609,1207,1046,764,921,1400,789,615,1068
CPD075,75,hypoxanthine,GCTOF,Peak height,HMDB00157,,C00262,790,FDGQSTZJBFJUBT-UHFFFAOYSA-N,C1=NC2=C(N1)C(=O)N=CN2,74,118302,85822,59481,105229,25010,79493,86446,56280,100322,90610,66915,62695,107677,73030,69178,89985
CPD076,76,hydroxycarbamate NIST,GCTOF,Peak height,,,,22345099,VSKFADHADUWCCL-UHFFFAOYSA-N,C(=O)(N)OO,73,5918,8015,7722,1510,26223,1380,2483,3842,13245,11609,11034,8735,3490,5566,1527,3902
CPD077,77,homoserine,GCTOF,Peak height,HMDB00719,,C00263,12647,UKAUYVFTDYCKQA-VKHMYHEASA-N,C(CO)[C@@H](C(=O)O)N,72,1326,1577,1179,255,883,1144,659,881,1116,1336,1067,1072,959,1074,988,894
CPD078,78,hexose-6-phosphate,GCTOF,Peak height,,,C02965,208,NBSCHQHZLSJFNQ-UHFFFAOYSA-N,C(C1C(C(C(C(O1)O)O)O)O)OP(=O)(O)O,71,1611,957,6160,1967,1217,471,11038,15488,12438,4073,1456,952,4509,10274,9114,503
CPD079,79,hexitol,GCTOF,Peak height,,,C00392,453,FBPFZTCFMRRESA-UHFFFAOYSA-N,C(C(C(C(C(CO)O)O)O)O)O,70,1057,2347,2737,1795,2792,1510,3954,2884,2810,2905,1909,2533,2518,4597,2744,1847
CPD080,80,hexadecylglycerol NIST,GCTOF,Peak height,,,C13859,72733,OOWQBDFWEXAXPB-UHFFFAOYSA-N,CCCCCCCCCCCCCCCCOCC(CO)O,69,1090,997,827,991,1116,923,1042,731,1287,908,767,633,946,659,869,982
CPD081,81,heptadecanoic acid,GCTOF,Peak height,HMDB02259,LMFA01010017,,10465,KEMQGTRYUADPNZ-UHFFFAOYSA-N,CCCCCCCCCCCCCCCCC(=O)O,68,6375,3711,3686,7786,4986,3311,7092,2029,5967,5511,4647,4325,10468,3371,3722,4739
CPD082,82,guanosine,GCTOF,Peak height,HMDB00133,,C00387,6802,NYHBQMYGNKIUIF-UUOKFMHZSA-N,C1=NC2=C(N1[C@H]3[C@@H]([C@@H]([C@H](O3)CO)O)O)N=C(NC2=O)N,67,656,538,555,552,342,577,114,476,735,369,454,636,118,582,503,534
CPD083,83,glycolic acid,GCTOF,Peak height,HMDB00115,,C00160,757,AEMRFAOFKBGASW-UHFFFAOYSA-N,C(C(=O)O)O,66,3836,4419,3889,4187,5007,3452,2528,3382,2533,3801,4601,3587,4005,3471,3637,2606
CPD084,84,glycine,GCTOF,Peak height,HMDB00123,,C00037,750,DHMQDGOQFOQNFH-UHFFFAOYSA-N,C(C(=O)O)N,65,75244,132294,115103,106206,124795,105879,84209,48841,144783,86500,92747,106870,68272,138302,115597,145688
CPD085,85,glycerol-alpha-phosphate,GCTOF,Peak height,,,C03189,754,AWUCVROLDVIAJX-UHFFFAOYSA-N,C(C(COP(=O)(O)O)O)O,64,32498,38802,44632,40942,18962,38584,80348,60003,40618,17851,16680,21587,47876,20010,26266,19820
CPD086,86,glycerol-3-galactoside,GCTOF,Peak height,,,C05401,16048618,NHJUPBDCSOGIKX-NTXXKDEISA-N,C([C@@H]1[C@@H]([C@@H]([C@H]([C@@H](O1)OC[C@@H](CO)O)O)O)O)O,63,2021,1163,1905,3751,770,856,3620,2634,2734,1887,893,844,3818,2411,992,722
CPD087,87,glycerol,GCTOF,Peak height,HMDB00131,,C00116,753,PEDCQBHIVMGVHV-UHFFFAOYSA-N,C(C(CO)O)O,62,452569,291603,334700,471343,290604,295191,554521,214495,327328,406096,235956,174442,756071,260036,240966,252924
CPD088,88,glyceric acid,GCTOF,Peak height,HMDB00139,,C00258,439194,RBNPOMFGQQGHHO-UWTATZPHSA-N,C([C@H](C(=O)O)O)O,61,3110,1936,1445,2582,2910,1363,1048,1483,2702,302,2099,1968,1477,2139,1685,1549
CPD089,89,glutathione,GCTOF,Peak height,HMDB00125,,C00051,124886,RWSXRVCMGQZWBV-WDSKDSINSA-N,C(CC(=O)N[C@@H](CS)C(=O)NCC(=O)O)[C@@H](C(=O)O)N,60,1410,4277,7850,8670,1809,3132,5693,5417,3303,4237,1573,2066,3891,8681,6367,3978
CPD090,90,glutaric acid,GCTOF,Peak height,HMDB00661,,C00489,743,JFCQEDHGNNZCLN-UHFFFAOYSA-N,C(CC(=O)O)CC(=O)O,59,109,52,97,281,286,119,272,174,248,139,140,155,366,135,136,120
CPD091,91,glutamine,GCTOF,Peak height,HMDB00641,,C00064,5961,ZDXPYRJPNDTMRX-VKHMYHEASA-N,C(CC(=O)N)[C@@H](C(=O)O)N,58,12559,21460,33379,9139,1176,13225,15565,17254,8115,8071,10118,15082,3403,47122,18797,44306
CPD092,92,glutamate,GCTOF,Peak height,HMDB00148,,C00025,33032,WHUUTDBJXJRKMK-VKHMYHEASA-N,C(CC(=O)O)[C@@H](C(=O)O)N,57,31417,26741,22223,32019,43265,33972,26698,27103,29576,31615,42961,29709,32346,12990,30735,15262
CPD093,93,glucose-6-phosphate,GCTOF,Peak height,HMDB01401,,C00092,5958,NBSCHQHZLSJFNQ-GASJEMHNSA-N,C([C@@H]1[C@H]([C@@H]([C@H](C(O1)O)O)O)O)OP(=O)(O)O,56,1814,527,9288,4323,931,443,18551,25824,17195,3714,1831,331,14861,16890,16562,437
CPD094,94,glucose-1-phosphate,GCTOF,Peak height,,,C00103,65533,HXXFSFRBOHSIMQ-VFUOTHLCSA-N,C([C@@H]1[C@H]([C@@H]([C@H]([C@H](O1)OP(=O)(O)O)O)O)O)O,55,23884,23966,51929,28100,20482,14909,38107,49798,46244,63356,24146,17713,26693,87013,76738,11033
CPD095,95,glucose,GCTOF,Peak height,HMDB00516,,C00221,64689,WQZGKKKJIJFFOK-VFUOTHLCSA-N,C([C@@H]1[C@H]([C@@H]([C@H]([C@@H](O1)O)O)O)O)O,54,59690,41389,142624,86810,74230,49728,78434,107810,100974,106285,64167,70583,44121,132952,104569,83374
CPD096,96,galactonic acid,GCTOF,Peak height,HMDB00565,,C00880,128869,RGHNJXZEOKUKBD-MGCNEYSASA-N,C([C@H]([C@@H]([C@@H]([C@H](C(=O)O)O)O)O)O)O,53,2905,3511,4103,952,3218,4855,3975,3007,4550,3090,2518,2928,4643,3827,3733,3461
CPD097,97,galactitol,GCTOF,Peak height,HMDB11632,,C01507,5460044,FBPFZTCFMRRESA-UNTFVMJOSA-N,C([C@@H]([C@H]([C@@H]([C@H](CO)O)O)O)O)O,52,424,467,591,549,354,483,556,480,828,485,443,458,461,642,443,3273
CPD098,98,fumaric acid,GCTOF,Peak height,HMDB00134,,C00122,444972,VZCYOOQTPOCHFL-OWOJBTEDSA-N,C(=C/C(=O)O)\C(=O)O,51,305673,244017,261247,233348,182702,221669,230224,211140,237768,192321,208346,165571,237873,243409,204542,260558
CPD099,99,fucose,GCTOF,Peak height,HMDB03081,,C02095,439650,SHZGCJCMOBCMKK-FPRJBGLDSA-N,C[C@@H]1[C@@H]([C@@H]([C@H]([C@@H](O1)O)O)O)O,50,1417,1781,1221,994,1556,2567,881,1091,889,609,2609,876,669,1319,1778,1815
CPD100,100,fructose-6-phosphate,GCTOF,Peak height,HMDB03971,,C05345,440641,BGWGXPAPYGQALX-ARQDHWQXSA-N,C([C@@H]1[C@H]([C@@H]([C@](O1)(CO)O)O)O)OP(=O)(O)O,49,1211,1338,4887,710,890,485,9081,7107,7827,4480,1209,694,7293,5495,6931,406
CPD101,101,fructose,GCTOF,Peak height,HMDB00660,,C02336,439709,RFSUNEUAIZKAJO-ARQDHWQXSA-N,C([C@@H]1[C@H]([C@@H]([C@](O1)(CO)O)O)O)O,48,4554,2672,3575,2367,2018,481,2881,2836,4356,3319,2129,1305,2950,5951,4865,2056
CPD102,102,ethanol phosphate NIST,GCTOF,Peak height,HMDB12228,,,74190,ZJXZSIYSNXKHEA-UHFFFAOYSA-N,CCOP(=O)(O)O,47,2682,1527,1973,8708,866,566,9164,1628,3601,2866,1110,927,23510,1702,715,3120
CPD103,103,erythronic acid lactone,GCTOF,Peak height,HMDB00349,,C02341,5325915,SGMJBNSHAZVGMC-PWNYCUMCSA-N,C1[C@H]([C@H](C(=O)O1)O)O,46,5005,2615,4495,4566,3288,4561,3994,3442,5931,4595,4179,5837,3642,5717,4468,4905
CPD104,104,erythritol,GCTOF,Peak height,HMDB02994,,C00503,222285,UNXHWFMMPAWVPI-ZXZARUISSA-N,C([C@H]([C@H](CO)O)O)O,45,1801,1957,2363,2201,1809,1623,2034,1916,2300,1829,1530,1240,3449,2525,1466,1533
CPD105,105,docosahexaenoic acid,GCTOF,Peak height,HMDB02183,LMFA01030185,C06429,445580,MBMBGCFOFBJSGT-KUBAVDMBSA-N,CC/C=C\C/C=C\C/C=C\C/C=C\C/C=C\C/C=C\CCC(=O)O,44,27628,11915,11364,25118,16691,18047,33861,16140,20250,17519,12679,13437,20314,16591,9601,11136
CPD106,106,dihydrocholesterol,GCTOF,Peak height,HMDB01569,LMST01010098,C12978,66066,QYIXCDOBOSTCEI-FBVYSKEZSA-N,C[C@H](CCCC(C)C)[C@H]1CC[C@@H]2[C@@]1(CC[C@H]3[C@H]2CC[C@@H]4[C@@]3(CC[C@H](C4)O)C)C,43,2639,1333,1650,2629,1890,1819,2359,2107,2985,1816,1410,2369,2090,1763,977,1935
CPD107,107,dehydroascorbic acid,GCTOF,Peak height,,,C05422,440667,SBJKKFFYIZUCET-JLAZNSOCSA-N,C([C@@H]([C@@H]1C(=O)C(=O)C(=O)O1)O)O,42,36866,76518,67112,74034,35136,54096,41912,43015,69187,47818,43050,39631,64783,91394,55812,75286
CPD108,108,cysteine-glycine,GCTOF,Peak height,HMDB00078,,C01419,439498,ZUKPVRWZDMRIEO-VKHMYHEASA-N,C([C@@H](C(=O)NCC(=O)O)N)S,41,115,95,288,323,192,93,427,106,126,97,112,110,436,277,96,78
CPD109,109,cysteine,GCTOF,Peak height,HMDB00574,,C00097,5862,XUJNEKJLAYXESH-REOHCLBHSA-N,C([C@@H](C(=O)O)N)S,40,4216,1971,3683,3107,1566,1577,2458,3935,4346,3718,2246,3852,2442,4926,3433,5982
CPD110,110,creatinine,GCTOF,Peak height,HMDB00562,,C00791,588,DDRJAANPRJIHGJ-UHFFFAOYSA-N,CN1CC(=O)N=C1N,39,4453117,5485002,4363632,3673618,6331280,3807325,2555022,5788007,1633290,4936174,5149799,5151308,2505584,3897473,4321740,3381610
CPD111,111,conduritol-beta-epoxide,GCTOF,Peak height,,,,9989541,ZHMWOVGZCINIHW-SPHYCDKFSA-N,[C@@H]1([C@@H]([C@H](C2C([C@@H]1O)O2)O)O)O,38,361,449,527,716,640,469,492,528,556,544,566,485,438,621,474,424
CPD112,112,citrulline,GCTOF,Peak height,HMDB00904,,C00327,9750,RHGKLRLOHDJJDR-BYPYZUCNSA-N,C(C[C@@H](C(=O)O)N)CNC(=O)N,37,8234,6988,7651,7959,1138,5623,9349,5211,5193,3412,1322,6899,5501,8818,6609,10227
CPD113,113,citric acid,GCTOF,Peak height,HMDB00094,,C00158,311,KRKNYBCHXYNGOX-UHFFFAOYSA-N,C(C(=O)O)C(CC(=O)O)(C(=O)O)O,36,10992,13825,1256,15666,15914,19437,14327,9542,11287,16041,7553,12179,8927,67565,11403,15917
CPD114,114,cis-gondoic acid,GCTOF,Peak height,HMDB02231,LMFA01030085,C16526,5282768,BITHHVVYSMSWAG-KTKRTIGZSA-N,CCCCCCCC/C=C\CCCCCCCCCC(=O)O,35,3327,1045,1290,3987,991,915,2319,910,2384,2141,1122,1271,3558,847,1215,1415
CPD115,115,cholesterol,GCTOF,Peak height,,LMST01010001,C00187,5997,HVYWMOMLDIMFJA-DPAQBDIFSA-N,C[C@H](CCCC(C)C)[C@H]1CC[C@@H]2[C@@]1(CC[C@H]3[C@H]2CC=C4[C@@]3(CC[C@@H](C4)O)C)C,34,1482613,714119,1039468,1507855,1163716,1310349,1362123,816621,1616789,978678,850966,1381992,1208318,966939,952293,1132572
CPD116,116,capric acid,GCTOF,Peak height,HMDB00511,LMFA01010010,C01571,2969,GHVNFZFCNZKVNT-UHFFFAOYSA-N,CCCCCCCCCC(=O)O,33,2315,1876,2623,2147,3687,2420,2642,1775,3285,2122,2237,1680,2012,1602,2222,1706
CPD117,117,beta-sitosterol,GCTOF,Peak height,HMDB00852,LMST01040129,C01753,222284,KZJWDPNRJALLNS-VJSFXXLFSA-N,CC[C@H](CC[C@@H](C)[C@H]1CC[C@@H]2[C@@]1(CC[C@H]3[C@H]2CC=C4[C@@]3(CC[C@@H](C4)O)C)C)C(C)C,32,1748,681,5011,3020,8577,4907,6685,6518,7064,4055,4579,5364,5479,6746,4451,1901
CPD118,118,beta-gentiobiose,GCTOF,Peak height,,,C08240,441422,DLRVVLDZNNYCBX-LIZSDCNHSA-N,C([C@@H]1[C@H]([C@@H]([C@H]([C@@H](O1)OC[C@@H]2[C@H]([C@@H]([C@H]([C@@H](O2)O)O)O)O)O)O)O)O,31,11981,9339,11597,12916,12018,12025,12411,7723,12721,8642,7601,9194,12228,9879,8957,8899
CPD119,119,beta-alanine,GCTOF,Peak height,HMDB00056,,C00099,239,UCMIRNVEIXFBKS-UHFFFAOYSA-N,C(CN)C(=O)O,30,1195,939,863,1726,1236,1120,1178,979,997,793,759,918,707,1003,694,573
CPD120,120,benzoic acid,GCTOF,Peak height,HMDB01870,,C00180,243,WPYMKLBDIGXBTP-UHFFFAOYSA-N,C1=CC=C(C=C1)C(=O)O,29,5327,4823,5620,5734,8930,4408,3888,4244,6049,5137,5579,4377,7269,3907,4572,4945
CPD121,121,behenic acid,GCTOF,Peak height,HMDB00944,LMFA01010022,C08281,8215,UKMSUNONTOPOIO-UHFFFAOYSA-N,CCCCCCCCCCCCCCCCCCCCCC(=O)O,28,3741,4277,2200,2867,3098,2267,1682,1125,5005,4219,2375,3994,2427,5796,1757,3711
CPD122,122,aspartic acid,GCTOF,Peak height,HMDB00191,,C00049,5960,CKLJMWTZIZZHCS-REOHCLBHSA-N,C([C@@H](C(=O)O)N)C(=O)O,27,787376,807558,916260,1340929,647583,648888,527126,650146,1023361,1080729,769574,723587,654518,1147256,1076211,1076284
CPD123,123,ascorbic acid,GCTOF,Peak height,,,C00072,54670067,CIWBSHSKHKDKBQ-JLAZNSOCSA-N,C([C@@H]([C@@H]1C(=C(C(=O)O1)O)O)O)O,26,3961,5166,4924,5704,1128,4860,3390,1738,3601,1490,2979,3485,5937,5021,4721,4973
CPD124,124,arachidonic acid,GCTOF,Peak height,HMDB01043,LMFA01030001,C00219,444899,YZXBAPSDXZZRGB-DOFZRALJSA-N,CCCCC/C=C\C/C=C\C/C=C\C/C=C\CCCC(=O)O,25,65416,24726,36813,76127,43037,31536,58510,31737,59641,43598,31861,35017,57307,30910,29153,35730
CPD125,125,arachidic acid,GCTOF,Peak height,HMDB02212,LMFA01010020,C06425,10467,VKOBVWXKNCXXDE-UHFFFAOYSA-N,CCCCCCCCCCCCCCCCCCCC(=O)O,24,7193,4913,5737,8833,6063,5966,7166,4719,8555,5290,4742,6301,10723,4643,5102,268
CPD126,126,aminomalonate,GCTOF,Peak height,HMDB01147,,C00872,100714,JINBYESILADKFW-UHFFFAOYSA-N,C(C(=O)O)(C(=O)O)N,23,4463,4369,5164,4234,6220,3678,2835,3978,2086,5617,4329,4561,3430,4202,4761,4853
CPD127,127,alpha-ketoglutarate,GCTOF,Peak height,HMDB00208,,C00026,51,KPGXRSRHYNQIFN-UHFFFAOYSA-N,C(CC(=O)O)C(=O)C(=O)O,22,490,970,2421,1022,606,1899,1690,1776,384,541,529,504,602,1332,1062,1475
CPD128,128,alanine,GCTOF,Peak height,HMDB00161,,C00041,5950,QNAYBMKLOCPYGJ-REOHCLBHSA-N,C[C@@H](C(=O)O)N,21,581883,659089,446962,328971,546437,396313,417839,237512,675227,558729,474752,448852,414540,692915,408281,888951
CPD129,129,adipic acid,GCTOF,Peak height,HMDB00448,LMFA01170048,C06104,196,WNLRTRBMVRJNCN-UHFFFAOYSA-N,C(CCC(=O)O)CC(=O)O,20,1164,753,698,4435,1073,960,2530,721,1419,735,824,855,5797,928,747,596
CPD130,130,adenosine-5-monophosphate,GCTOF,Peak height,HMDB00045,,C00020,6083,UDMBCSSLTHHNCD-KQYNXXCUSA-N,C1=NC2=C(C(=N1)N)N=CN2[C@H]3[C@@H]([C@@H]([C@H](O3)COP(=O)(O)O)O)O,19,1859,1174,670,6614,303,1331,9513,2219,1712,253,364,1548,9505,1068,382,1822
CPD131,131,adenosine,GCTOF,Peak height,HMDB00050,,C00212,60961,OIRDTQYFTABQOQ-KQYNXXCUSA-N,C1=NC2=C(C(=N1)N)N=CN2[C@H]3[C@@H]([C@@H]([C@H](O3)CO)O)O,18,16874,26385,16960,15842,14438,9869,17596,18998,28157,24407,14979,23662,31341,35182,13952,22822
CPD132,132,adenine,GCTOF,Peak height,HMDB00034,,C00147,190,GFFGJBXGBJISGV-UHFFFAOYSA-N,C1=NC2=C(N1)C(=NC=N2)N,17,9835,10622,9656,9283,5012,8232,9058,7290,8337,8177,6017,6362,7787,9104,8573,7780
CPD133,133,5-methoxytryptamine,GCTOF,Peak height,HMDB04095,,C05659,1833,JTEJPPKMYBDEMY-UHFFFAOYSA-N,COC1=CC2=C(C=C1)NC=C2CCN,16,1825,957,1425,597,1450,1615,501,934,1278,911,956,1092,594,910,1679,1515
CPD134,134,5'-deoxy-5'-methylthioadenosine,GCTOF,Peak height,HMDB01173,,C00170,439176,WUUGFSXJNOTRMR-IOSLPCCCSA-N,CSC[C@@H]1[C@H]([C@H]([C@@H](O1)N2C=NC3=C2N=CN=C3N)O)O,15,4402,3414,3575,6256,3629,5099,3517,3712,6050,3177,4251,4220,5381,3929,3354,3735
CPD135,135,4-hydroxybutyric acid,GCTOF,Peak height,HMDB00710,LMFA01050006,C00989,10413,SJZRECIVHVDYJC-UHFFFAOYSA-N,C(CC(=O)O)CO,14,2056,1481,2519,3901,8581,1205,2526,1162,4100,1446,1216,1287,5733,1398,2215,1535
CPD136,136,3-hydroxybutyric acid,GCTOF,Peak height,HMDB00011,LMFA01050243,C01089,92135,WHBMMWSBFZVSSR-GSVOUGTGSA-N,C[C@H](CC(=O)O)O,12,74508,53074,61200,8555,35362,51182,6950,34765,54291,44616,34576,30715,58826,49332,43842,25510
CPD137,137,"3,6-anhydro-D-galactose",GCTOF,Peak height,,,C06474,16069996,WZYRMLAWNVOIEX-BGPJRJDNSA-N,C1[C@H]([C@@H]([C@H](O1)[C@H](C=O)O)O)O,13,590,358,914,855,440,589,796,829,689,817,619,557,439,685,651,556
CPD138,138,2-picolinic acid,GCTOF,Peak height,HMDB02243,,C10164,1018,SIOXPEMLGUPBBT-UHFFFAOYSA-N,C1=CC=NC(=C1)C(=O)O,10,764,567,551,1065,1544,661,707,641,1104,600,668,789,984,498,876,633
CPD139,139,2-monopalmitin,GCTOF,Peak height,HMDB11533,LMGL01010025,,123409,BBNYCLAREVXOSG-UHFFFAOYSA-N,CCCCCCCCCCCCCCCC(=O)OC(CO)CO,9,3725,2410,2084,3825,32327,3206,5536,642,2121,1586,1863,14977,5896,2834,2691,2620
CPD140,140,2-monoolein,GCTOF,Peak height,HMDB11537,LMGL01010024,,5319879,UPWGQKDVAURUGE-KTKRTIGZSA-N,CCCCCCCC/C=C\CCCCCCCC(=O)OC(CO)CO,8,17019,7443,7154,13617,12013,11036,19081,6329,12157,14040,7690,8547,14456,6600,7362,9403
CPD141,141,2-ketoisocaproic acid,GCTOF,Peak height,HMDB00695,,C00233,70,BKAJNAXTPSGJCU-UHFFFAOYSA-N,CC(C)CC(=O)C(=O)O,7,5776,5834,3992,2945,8490,3936,2620,3085,10961,5870,5813,5890,3124,5163,5415,5197
CPD142,142,2-hydroxyglutaric acid,GCTOF,Peak height,,,C02630,43,HWXBTNAVRSUOJR-UHFFFAOYSA-N,C(CC(=O)O)C(C(=O)O)O,6,5653,7992,9974,15890,7694,12503,9429,8290,14404,7473,7912,9954,8971,9884,7921,11848
CPD143,143,"2,5-dihydroxypyrazine NIST",GCTOF,Peak height,,,,23368901,USHRADXTTYICIJ-UHFFFAOYSA-N,C1=C(N=CC(=O)N1)O,11,19418,14994,16641,18836,12297,16237,17627,13981,14635,13219,11919,21835,11451,17924,12865,16281
CPD144,144,1-monostearin,GCTOF,Peak height,,LMGL01010003,D01947,24699,VBICKXHEKHSIBG-UHFFFAOYSA-N,CCCCCCCCCCCCCCCCCC(=O)OCC(CO)O,3,2253,977,1836,1036,4372,1403,1901,1071,578,1386,964,2051,754,989,1116,1417
CPD145,145,1-monopalmitin,GCTOF,Peak height,,LMGL01010001,C01885,14900,QHZLMUACJMDIAE-UHFFFAOYSA-N,CCCCCCCCCCCCCCCC(=O)OCC(CO)O,2,4491,1078,2074,1493,3401,1576,5113,516,2808,2701,2199,690,4804,1774,2257,1412
CPD146,146,1-kestose,GCTOF,Peak height,HMDB11729,,C03661,440080,VAWYEUIPHLMNNF-OESPXIITSA-N,C([C@@H]1[C@H]([C@@H]([C@H]([C@H](O1)O[C@]2([C@H]([C@@H]([C@H](O2)CO)O)O)CO[C@]3([C@H]([C@@H]([C@H](O3)CO)O)O)CO)O)O)O)O,1,358,289,269,376,426,364,458,265,520,536,224,338,333,1080,491,196
CPD147,147,"1,5-anhydroglucitol",GCTOF,Peak height,HMDB02712,,C07326,64960,MPCAJMNYNOGXPB-SLPGGIOYSA-N,C1[C@@H]([C@H]([C@@H]([C@H](O1)CO)O)O)O,5,42495,41038,48606,43443,26410,33065,35959,38118,36324,45990,32385,38261,31896,58749,42789,46267
CPD148,148,"1,2,4-benzenetriol",GCTOF,Peak height,,,C02814,10787,GGNQRNBDZQJCCN-UHFFFAOYSA-N,C1=CC(=C(C=C1O)O)O,4,586,463,372,2933,628,422,1406,360,820,372,311,482,3903,271,454,372
